TITLE,ADDR1,FIRST_IMG,FIRST_IMG2,KEYID,KEYTYPE,BOOKTOUR,ADR2,CAT1,CAT2,CAT3,CPYRIGHT,GPSX,GPSY,MAPLEVEL,CREATED,MODIFIED,TEL,AREA1,AREA2
거창서핑파크,경상남도 거창군 위천면 거차1길 23-18,,,2721484,28,,,A03,A0302,A03021700,,127.8363691322,35.7480089283,6,20210616195701,20241015170501,,36,2
거창서핑파크,경상남도 거창군 위천면 거차1길 23-18,,,3103316,32,,,B02,B0201,B02010700,,127.8363413675,35.7476089724,6,20240221103927,20240324201837,055-945-8800,36,2
