TITLE,ADDR1,FIRST_IMG,FIRST_IMG2,KEYID,KEYTYPE,BOOKTOUR,ADR2,CAT1,CAT2,CAT3,CPYRIGHT,GPSX,GPSY,MAPLEVEL,CREATED,MODIFIED,TEL,AREA1,AREA2
대성수상레저,경기도 가평군 청평면 대성강변길 14,,,231996,28,,,A03,A0303,A03030100,,127.3795395377,37.6814842660,6,20070927090000,20250315145308,031-584-3119,31,1
AT수상레저,강원특별자치도 춘천시 남산면 서천리 681-1,,,2723687,28,,,A03,A0303,A03030100,,127.5267412539,37.8297475098,6,20210629184407,20250114132414,,32,13
한강수상레저,경기도 가평군 설악면 유명로 2428,,,1199435,28,,,A03,A0303,A03030100,,127.4411107417,37.7149009545,6,20110209221617,20250113144729,031-585-8554,31,1
버드마리나수상레저,경기도 가평군 설악면 유명로 2606,,,1198746,28,,,A03,A0303,A03030100,,127.4248203301,37.7227164138,6,20110209024230,20250109151155,,31,1
구례 호수공원 수상레저타운,전라남도 구례군 구만제로 677 우리밀가든,,,3006513,28,,,A03,A0303,A03030100,,127.4248510003,35.2849068614,6,20230825144414,20241118104004,,38,5
한강세븐수상레저,서울특별시 용산구 양녕로 496,,,2761458,28,,(이촌동),A03,A0303,A03030100,,126.9615349572,37.5212842003,6,20211025185035,20240717215858,,1,21
오동나무수상레저,경기도 남양주시 북한강로 1686-1 수상오동나무유원지,,,2765244,28,,,A03,A0303,A03030100,,127.3731824654,37.6578952234,6,20211101190850,20240717214053,,31,9
